{"cameraMode":{"drawMode":0,"name":"Shaded","section":"Shading Mode"},"sceneLighting":false,"audioPlay":false,"sceneViewState":{"showFog":false,"showMaterialUpdate":true,"showSkybox":false,"showFlares":true,"showImageEffects":true,"showParticleSystems":true},"in2DMode":false,"pivot":{"x":0.08051413297653198,"y":0.723314642906189,"z":0.03925740718841553},"rotation":{"x":0.12217346578836441,"y":0.6246721148490906,"z":-0.09979023784399033,"w":0.764788806438446},"size":5.487942218780518,"orthographic":false}